{"spl": {"PI-only": [0.0, 0.0, 0.0, 0.9667174109832919, 0.0, 0.0, 0.9784304030714073, 0.0, 0.9849631109150251, 0.970215162545722, 1.0, 0.9935561238102514, 0.0, 0.9588753353887011, 0.0, 0.0, 0.0, 0.0, 0.9989189779553496, 0.9717752768895865, 0.6209995443991244, 0.0, 0.0, 0.0, 0.9521997268920004, 0.8893684651799577, 0.983446434397874, 0.0, 0.0, 0.0, 1.0, 0.9335188092813768, 0.0, 0.0, 0.0, 0.9459110702179777, 0.9982872185787652, 0.0, 0.0, 0.0, 0.0, 0.9176748933954308, 0.0, 0.0, 0.0, 0.0, 0.0, 0.0, 0.0, 0.0, 0.0, 0.0, 0.0, 0.0, 0.0, 0.0, 0.0, 1.0, 0.9177534840841325, 0.0, 0.0, 0.0, 0.0, 0.0, 0.0, 0.0, 0.0, 0.0, 0.0, 0.0, 0.0, 0.0, 0.0, 0.0, 0.8771099019724257, 0.9601033736541886, 0.0, 0.9973346836101719, 0.0, 0.0, 0.0, 0.0, 0.0, 1.0, 0.0, 0.9871526060005439, 0.0, 0.8594774237340754, 0.0, 0.0, 0.0, 0.0, 0.0], "PI+escape": [0.0, 0.8857590284460232, 0.40549847297922614, 0.9224024604222215, 0.0, 0.3511144783400373, 0.9047668209925879, 0.0, 0.9049825229102375, 0.7285775584117609, 0.6887253683999062, 0.8026046358360829, 0.0, 0.5204285455968019, 0.0, 0.8367658478625293, 0.6706924347475718, 0.8518046665540003, 0.8537789997299633, 0.48582943504590037, 0.4656414114854072, 0.7149151641567688, 0.8908432499811852, 0.4314771513007061, 0.8101929660521477, 0.8678993396651787, 0.983446434397874, 0.3322435909661339, 0.6184802730493042, 0.8276011866000342, 1.0, 0.9360507286233314, 0.3803199518047882, 0.0, 0.26928902962539975, 0.899365951492191, 0.9196251245563923, 0.6222748646815934, 0.0, 0.0, 0.35695503874551693, 0.9113538405239474, 0.24355399190311158, 0.0, 0.44569961402834873, 0.0, 0.0, 0.0, 0.0, 0.3717433181562835, 0.0, 0.0, 0.5633387997030053, 0.7548280103411379, 0.7893643288047243, 0.5263898215606471, 0.0, 0.13692249868751338, 0.8943492795994353, 0.0, 0.7808580587546227, 0.7999099992259158, 0.5378997869030618, 0.5230828923729385, 0.15138784914860698, 0.27170489613368026, 0.0, 0.0, 0.6158482714007993, 0.4407358251118792, 0.0, 0.7834531102845564, 0.0, 0.0, 0.6183785208099961, 0.6334925844765703, 0.9324840808226611, 0.940879756008638, 0.46845700976841353, 0.480019085575149, 0.8213888866021914, 0.6516232599699857, 0.3785500225925808, 1.0, 0.0, 0.9871526060005439, 0.0, 0.7411860847471957, 0.0, 0.0, 0.0, 0.5688312584619637, 0.5709701660722948], "full-first": [0.0, 0.38923189771193917, 0.0, 0.8941420665732149, 0.0, 0.6127047237182162, 0.906195742807455, 0.27630554497776205, 0.9011137710582283, 0.771947386353524, 0.6887253683999062, 0.5262286558553599, 0.604839513045099, 0.5540912952505976, 0.22717342062597232, 0.7604743360832972, 0.5472191219023695, 0.6609048917539285, 0.8836116211475907, 0.6804837569712365, 0.20705009888135162, 0.8030115165953254, 0.8493542060877151, 0.47134962557506677, 0.7410268518191493, 0.566128142236585, 0.983446434397874, 0.43200961500461077, 0.4824193387728115, 0.7828155617227238, 1.0, 0.7468718665844, 0.6899190416443108, 0.26035307228769, 0.27038296553677305, 0.48814010368902017, 0.8086842258108627, 0.925525464367659, 0.34078870295518676, 0.554137786893141, 0.35392599964066956, 0.7725658734985691, 0.3688332697019894, 0.0, 0.2920409989033665, 0.0, 0.2556434072237756, 0.24875858887586458, 0.0, 0.0, 0.6199072563135358, 0.41044351270470963, 0.33326877297811675, 0.2528254271760039, 0.36232776748031026, 0.3296187528543782, 0.33544878987561505, 0.3055205774571436, 0.53366857354608, 0.2519728980772113, 0.8030614987498803, 0.39272577268172654, 0.30845896070976897, 0.8081045093756761, 0.0, 0.43779415067679844, 0.2692716684646135, 0.0, 0.7895541542458853, 0.3912819626804167, 0.18404307730106587, 0.8132335070437242, 0.253641570749569, 0.7634712349513674, 0.2758041540991301, 0.7541284429688967, 0.0, 0.9408797972297877, 0.9384839803973476, 0.42984570379726783, 0.8972906234918911, 0.6080259478841972, 0.4144538692987388, 1.0, 0.0, 0.9871526060005439, 0.2478650361606382, 0.5962035471990392, 0.0, 0.0, 0.0, 0.0, 0.44243370435866236], "full-learnt": [0.0, 0.38923189771193917, 0.461463645946449, 0.8941420665732149, 0.0, 0.6127047237182162, 0.906195742807455, 0.44055913012199, 0.9513545511686533, 0.7751184994087374, 0.7770455681700332, 0.7789262156624177, 0.604839513045099, 0.5540912952505976, 0.22717342062597232, 0.7604743360832972, 0.7975059069865202, 0.8328929358672474, 0.8836116211475907, 0.6804837569712365, 0.20705009888135162, 0.8030115165953254, 0.8493542060877151, 0.47134962557506677, 0.7410268518191493, 0.7933557409995091, 0.983446434397874, 0.43200961500461077, 0.4824193387728115, 0.7828155617227238, 1.0, 0.7468718665844, 0.9186152218081232, 0.26035307228769, 0.27038296553677305, 0.48814010368902017, 0.9032803955521143, 0.925525464367659, 0.9093027166642199, 0.554137786893141, 0.38493688430783174, 0.7725658734985691, 0.4883565709162344, 0.40345133989995036, 0.7739374847712445, 0.0, 0.5178022681775727, 0.5401949558842786, 0.0, 0.47148332104890484, 0.6199072563135358, 0.41044351270470963, 0.5066729085476671, 0.5693768592151028, 0.7843511694158103, 0.6385576662241952, 0.33544878987561505, 0.3055205774571436, 0.53366857354608, 0.2519728980772113, 0.8030614987498803, 0.7980355220597226, 0.6328491809771286, 0.8081045093756761, 0.4603399069679625, 0.43779415067679844, 0.2692716684646135, 0.0, 0.7895541542458853, 0.8852610002948198, 0.18404307730106587, 0.8132335070437242, 0.253641570749569, 0.7634712349513674, 0.5969957502798069, 0.7541284429688967, 0.4684776811767624, 0.9408799811395758, 0.9384839803973476, 0.42984570379726783, 0.8972906234918911, 0.6080259478841972, 0.9110954452223936, 1.0, 0.258909353944715, 0.9871526060005439, 0.7982325887484536, 0.7748623530972912, 0.0, 0.0, 0.5490744259778375, 0.41280794179575786, 0.44243370435866236], "full-hypothetical": [0.0, 0.4753331894918184, 0.461463645946449, 0.8941420665732149, 0.0, 0.9087369878339739, 0.957349933708728, 0.44055913012199, 0.9533499952345319, 0.7751184994087374, 0.7770455681700332, 0.7789262156624177, 0.8438751912960077, 0.5540913179318964, 0.23817687117829342, 0.8470993943401893, 0.8387130494799863, 0.8566310410678262, 0.9942846961668508, 0.8569239654798371, 0.48286573989806525, 0.8030115165953254, 0.8809943903640062, 0.5205583348256246, 0.8979973925708493, 0.7933557409995091, 0.983446434397874, 0.4493570359329802, 0.7290240487731771, 0.7828155617227238, 1.0, 0.7468718665844, 0.9186152218081232, 0.2899704829301157, 0.3582377059472081, 0.9402355669256202, 0.9032803955521143, 0.925525464367659, 0.9093027166642199, 0.554137786893141, 0.399654756096611, 0.9095580608799807, 0.4883565709162344, 0.40345133989995036, 0.7739374847712445, 0.0, 0.5178022681775727, 0.5401949558842786, 0.0, 0.49197028635070067, 0.6199072563135358, 0.8211814253772838, 0.5433921979675417, 0.6500765604897638, 0.7843511694158103, 0.6392815594483997, 0.7891693289191896, 0.3055205774571436, 0.8943492738120891, 0.3637258213921727, 0.8758325537060178, 0.7980355220597226, 0.6328491809771286, 0.8081045737031449, 0.4603399069679625, 0.43779415067679844, 0.2692716684646135, 0.0, 0.7895541542458853, 0.8852610002948198, 0.18404307730106587, 0.8672780713839544, 0.253641570749569, 0.8206754231678143, 0.5969957502798069, 0.7541284429688967, 0.9250996883001925, 0.9408799811395758, 0.9384839803973476, 0.42984570379726783, 0.8972906234918911, 0.903759649326736, 0.9110954452223936, 1.0, 0.258909353944715, 0.9871526060005439, 0.7982325887484536, 0.8365637979573138, 0.0, 0.0, 0.5490744259778375, 0.41280794179575786, 0.8836581967217502],