{"spl": {"Full-first": [0.51587934569528, 0.0, 0.23557266901824006, 0.7754235626930267, 0.9884890842464572, 0.4753306421693024, 0.5418981287644387, 0.34866001271759267, 0.4267308723648045, 0.7758981061794104, 0.8312441161169283, 0.7887904305383141, 0.8589691991022045, 0.7840044112497506, 0.8709701595738627, 0.8975174016151194, 0.1804968145016539, 0.31183771652370296, 0.24629968023806667, 0.9454305392691893, 0.7732643964087066, 0.4200712452921618, 0.0, 0.7248869398384004, 0.4125925793681353, 0.38984865357991444, 0.25632815662559477, 0.3061248347905254, 0.7327717973049509, 0.8351130091784943, 0.5905206714111217, 0.7328390600130349, 0.9375947654455391, 0.0, 0.0, 0.8259312522677811, 0.5368186192380836, 0.39776371160006296, 0.43760235870241476, 0.0, 0.0, 0.48746200055444333, 0.0, 0.8458398509767848, 1.0, 0.4787517567886595, 0.8360143432390857, 0.9638576330789508, 0.20486189946151043, 0.6811993121195], "Full-learnt": [0.8843725769145802, 0.0, 0.23557266901824006, 0.7754235626930267, 0.9884890842464572, 0.5438692964317898, 0.5418981287644387, 0.34866001271759267, 0.4535822475942728, 0.7758981061794104, 0.8312441161169283, 0.8562025819438814, 0.9627909451884433, 0.7840044112497506, 0.8709701595738627, 0.9566020381791557, 0.2954479874867145, 0.8824043255663979, 0.24629968023806667, 0.9454305392691893, 0.7732643964087066, 0.4200712452921618, 0.0, 0.7248869398384004, 0.6252825671807751, 0.4673538430860848, 0.795824022421659, 0.3061248347905254, 0.8412391147476165, 0.8856067309653419, 0.5905206714111217, 0.7328390600130349, 0.9375947654455391, 0.11701950906908103, 0.0, 0.9455269146209048, 0.5368186192380836, 0.44374542947661605, 0.43760235870241476, 0.35290946820809665, 0.0, 0.48746200055444333, 0.0, 0.855908766185695, 1.0, 0.4984239919406169, 0.9235850229338767, 0.9638576330789508, 0.20486189946151043, 0.7715549270115128], "PI-only": [0.0, 0.0, 0.0, 1.0, 1.0, 0.0, 0.0, 0.0, 0.0, 0.0, 0.974099685504521, 1.0, 1.0, 0.9741623835468948, 1.0, 0.0, 0.0, 0.0, 0.0, 0.960625125379319, 0.0, 0.0, 0.0, 0.0, 0.0, 0.0, 0.0, 0.0, 0.9747994480587264, 0.9527099992990264, 0.0, 0.0, 1.0, 0.0, 0.0, 0.9600601131681975, 0.0, 0.0, 0.0, 0.0, 0.0, 0.0, 0.0, 0.0, 1.0, 0.0, 0.9530196075982063, 0.9638576684330252, 0.0, 0.0], "PI+escape": [0.8774381214960774, 0.0, 0.0, 0.7384299844140668, 1.0, 0.689495545242191, 0.6228669302600919, 0.0, 0.7252131714588813, 0.9469441339691179, 0.8895757475457106, 0.7069994206770848, 0.9079601262531625, 0.8335969727420105, 0.7116219810732289, 0.6490682805187649, 0.3403368528463289, 0.0, 0.0, 0.8936769213098539, 0.9133654200125783, 0.39851475577046414, 0.0, 0.9248962483258457, 0.0, 0.5878616360313202, 0.0, 0.0, 0.7932728115434641, 0.8088573496737242, 0.6043930703218786, 0.2527548905313986, 0.6032403692675828, 0.3449548472442493, 0.0, 0.7896237429027962, 0.3518890832821176, 0.248085125109699, 0.0, 0.0, 0.0, 0.6877826763964638, 0.0, 0.8475493541110466, 1.0, 0.0, 0.8519770443332476, 0.9638576684330252, 0.0, 0.7765786834058865]}, "collision": {"Full-first": [19.0, 54.0, 25.0, 1.0, 3.0, 15.0, 2.0, 48.0, 11.0, 5.0, 1.0, 1.0, 1.0, 2.0, 3.0, 4.0, 60.0, 30.0, 29.0, 2.0, 8.0, 3.0, 88.0, 6.0, 39.0, 45.0, 20.0, 28.0, 1.0, 1.0, 1.0, 14.0, 3.0, 31.0, 25.0, 3.0, 6.0, 3.0, 22.0, 33.0, 53.0, 6.0, 63.0, 3.0, 0.0, 10.0, 3.0, 0.0, 40.0, 7.0], "Full-learnt": [5.0, 74.0, 25.0, 1.0, 3.0, 11.0, 2.0, 48.0, 18.0, 5.0, 1.0, 1.0, 1.0, 2.0, 3.0, 4.0, 41.0, 7.0, 29.0, 2.0, 8.0, 3.0, 57.0, 6.0, 10.0, 22.0, 5.0, 28.0, 1.0, 1.0, 1.0, 14.0, 3.0, 42.0, 23.0, 1.0, 6.0, 4.0, 22.0, 31.0, 32.0, 6.0, 40.0, 1.0, 0.0, 8.0, 3.0, 0.0, 40.0, 3.0], "PI-only": [482, 490, 490, 4, 6, 475, 303, 301, 497, 414, 8, 6, 11, 6, 13, 465, 279, 488, 309, 17, 494, 493, 498, 492, 494, 493, 481, 488, 37, 9, 475, 245, 7, 453, 362, 3, 350, 492, 307, 466, 475, 286, 480, 476, 0, 260, 11, 0, 477, 351], "PI+escape": [11, 38, 69, 1, 3, 23, 1, 46, 16, 5, 1, 4, 1, 2, 3, 4, 25, 61, 64, 2, 7, 3, 55, 9, 30, 25, 24, 77, 4, 2, 2, 28, 2, 8, 47, 3, 10, 6, 201, 47, 34, 8, 91, 3, 0, 66, 2, 0, 85, 5]}}