{"spl": {"PI-only": [1.0, 1.0, 1.0, 1.0, 1.0, 1.0, 1.0, 0.0, 1.0, 0.0, 0.0, 1.0, 1.0, 1.0, 1.0, 1.0, 1.0, 1.0, 1.0, 1.0, 1.0, 1.0, 0.0, 1.0, 1.0, 0.0, 1.0, 1.0, 1.0, 0.0, 1.0, 1.0, 1.0, 1.0, 1.0, 1.0, 1.0, 1.0, 1.0, 0.0, 1.0, 1.0, 1.0, 0.0, 0.0, 1.0, 1.0, 0.0, 1.0, 1.0, 0.0, 1.0, 1.0, 1.0, 0.0, 1.0, 0.0, 0.0, 0.0, 1.0, 1.0, 0.0, 1.0, 1.0, 1.0, 1.0, 1.0, 1.0, 1.0, 1.0, 1.0, 1.0, 0.0, 1.0, 1.0, 1.0, 1.0, 1.0, 0.0, 1.0, 0.0, 0.0, 0.0, 1.0, 1.0, 1.0, 0.0, 1.0, 1.0, 1.0, 1.0, 1.0, 1.0, 1.0, 1.0, 1.0, 0.0, 1.0, 1.0, 1.0, 1.0, 1.0, 0.0, 0.0, 1.0, 1.0, 0.0, 0.0, 1.0, 1.0, 1.0, 0.0, 0.0, 1.0, 0.0, 1.0, 1.0, 1.0, 0.0, 1.0, 0.0, 0.0, 1.0, 0.0, 1.0, 1.0, 1.0, 1.0, 1.0, 1.0, 1.0, 1.0, 1.0, 1.0, 1.0, 1.0, 1.0, 1.0, 1.0, 1.0, 1.0, 1.0, 1.0, 1.0, 0.0, 1.0, 1.0, 1.0, 1.0, 1.0, 1.0, 1.0, 1.0, 1.0, 1.0, 1.0, 0.0, 1.0, 1.0, 1.0, 0.0, 1.0, 0.0, 0.0, 1.0, 1.0, 0.0, 1.0, 0.9834787273234064, 1.0, 1.0, 1.0, 0.0, 0.0, 0.0, 1.0, 1.0, 1.0, 1.0, 0.0, 1.0, 1.0, 1.0, 1.0, 1.0, 1.0, 1.0, 1.0, 1.0, 1.0, 0.0, 1.0, 1.0, 1.0, 0.0, 0.0, 0.0, 1.0, 1.0, 0.0, 0.0, 1.0, 1.0, 1.0, 0.0, 1.0, 0.0, 0.0, 1.0, 0.0, 1.0, 1.0, 0.0, 1.0, 1.0, 1.0, 1.0, 1.0, 0.0, 0.0, 1.0, 1.0, 1.0, 1.0, 1.0, 0.0, 1.0, 0.0, 1.0, 1.0, 0.0, 0.0, 1.0, 1.0, 0.0, 0.0, 1.0, 0.0, 0.0, 1.0, 1.0, 0.0, 1.0, 0.0, 0.0, 0.0, 1.0, 0.0, 0.0, 0.0, 1.0, 0.0, 1.0, 0.0, 0.0, 0.0, 0.0, 1.0, 1.0, 0.0, 0.0, 1.0, 0.0, 1.0, 1.0, 0.0, 0.0, 1.0, 1.0, 1.0, 0.0, 0.0, 0.0, 0.0, 1.0, 0.0, 0.0, 1.0, 1.0, 1.0, 1.0, 0.0, 1.0, 0.0, 1.0, 1.0, 1.0, 1.0, 1.0, 1.0, 1.0, 0.0, 0.0, 0.0, 1.0, 1.0, 1.0, 1.0, 1.0, 1.0], "PI+escape": [1.0, 0.0, 1.0, 1.0, 1.0, 1.0, 1.0, 0.0, 1.0, 0.0, 0.0, 0.0, 1.0, 1.0, 1.0, 1.0, 0.0, 1.0, 1.0, 1.0, 1.0, 1.0, 0.0, 1.0, 0.9699477925512913, 0.0, 1.0, 1.0, 1.0, 0.0, 1.0, 1.0, 1.0, 1.0, 1.0, 1.0, 1.0, 1.0, 0.0, 0.0, 1.0, 1.0, 1.0, 0.0, 0.0, 1.0, 1.0, 0.0, 0.9407261543711852, 1.0, 0.0, 1.0, 1.0, 0.813795813184925, 0.0, 1.0, 0.0, 0.0, 0.0, 1.0, 1.0, 0.0, 1.0, 1.0, 1.0, 1.0, 0.0, 1.0, 1.0, 1.0, 1.0, 0.7668855096519797, 0.0, 1.0, 0.8611673908961529, 1.0, 0.9384344027949584, 1.0, 0.0, 1.0, 0.0, 0.0, 0.7876098952709112, 1.0, 0.6963237450091673, 0.0, 0.0, 1.0, 1.0, 1.0, 1.0, 1.0, 1.0, 1.0, 1.0, 1.0, 0.0, 1.0, 1.0, 1.0, 1.0, 1.0, 0.0, 0.0, 1.0, 1.0, 0.0, 0.0, 0.9952722193433557, 1.0, 1.0, 0.0, 0.0, 1.0, 0.0, 1.0, 1.0, 1.0, 0.0, 1.0, 0.0, 0.0, 1.0, 0.0, 1.0, 0.0, 1.0, 1.0, 0.0, 0.0, 1.0, 1.0, 1.0, 0.8712591460136578, 1.0, 0.9938930064030974, 1.0, 1.0, 1.0, 1.0, 0.0, 0.0, 1.0, 1.0, 0.0, 1.0, 1.0, 1.0, 1.0, 0.0, 1.0, 0.9339846983416443, 1.0, 1.0, 0.7616546573296656, 1.0, 0.0, 1.0, 1.0, 0.0, 0.0, 1.0, 0.0, 0.0, 0.0, 1.0, 0.0, 0.8467338293283153, 0.0, 1.0, 1.0, 0.8953753373734535, 0.0, 0.0, 0.0, 1.0, 1.0, 1.0, 1.0, 0.0, 1.0, 1.0, 1.0, 0.9716895974185188, 1.0, 0.0, 1.0, 1.0, 1.0, 0.9535508061681653, 0.0, 1.0, 0.8586589056571564, 1.0, 0.0, 0.0, 0.0, 1.0, 1.0, 0.0, 0.0, 1.0, 1.0, 0.0, 0.0, 1.0, 0.0, 0.0, 0.9898217295894552, 0.0, 1.0, 1.0, 0.0, 0.0, 1.0, 1.0, 1.0, 1.0, 0.0, 0.0, 1.0, 0.7499649036672207, 0.0, 1.0, 1.0, 0.0, 1.0, 0.0, 1.0, 1.0, 0.0, 0.0, 1.0, 1.0, 0.0, 0.0, 1.0, 0.0, 0.0, 1.0, 1.0, 0.0, 1.0, 0.0, 0.0, 0.0, 1.0, 0.0, 0.0, 0.0, 1.0, 0.0, 1.0, 0.0, 1.0, 0.0, 0.0, 1.0, 1.0, 0.0, 0.0, 1.0, 0.0, 1.0, 1.0, 0.0, 0.0, 1.0, 1.0, 1.0, 0.0, 0.0, 0.0, 0.0, 1.0, 0.0, 0.0, 0.0, 0.9519593527534217, 1.0, 1.0, 0.0, 0.0, 0.0, 0.8424767296397793, 1.0, 1.0, 1.0, 1.0, 1.0, 0.0, 0.9664659304066524, 0.0, 0.0, 1.0, 0.7280038040219768, 0.8540809761404015, 1.0, 0.0, 1.0], "full-first": [1.0, 0.0, 1.0, 0.8708875618884091, 1.0, 1.0, 1.0, 0.0, 1.0, 0.0, 0.0, 0.9791945564499808, 1.0, 0.0, 1.0, 1.0, 1.0, 1.0, 1.0, 1.0, 0.9436353894162987, 1.0, 0.0, 1.0, 0.6794545869889784, 0.0, 1.0, 1.0, 1.0, 0.976929219564006, 1.0, 1.0, 1.0, 1.0, 1.0, 1.0, 1.0, 1.0, 0.0, 0.0, 1.0, 1.0, 1.0, 0.0, 0.0, 1.0, 1.0, 0.0, 0.96915966325155, 1.0, 0.0, 1.0, 1.0, 0.8129474891999118, 0.0, 1.0, 0.0, 0.0, 0.0, 1.0, 1.0, 0.0, 0.8652417399494686, 1.0, 1.0, 1.0, 0.0, 1.0, 1.0, 1.0, 1.0, 0.0, 0.0, 1.0, 0.948958502412272, 1.0, 1.0, 1.0, 0.0, 1.0, 0.0, 0.0, 0.8696080490770549, 1.0, 0.8432690606586944, 0.800421948326245, 0.0, 0.9983491812465762, 1.0, 1.0, 0.9012724604473346, 1.0, 1.0, 1.0, 0.9891406901758544, 0.9604275960923572, 0.0, 1.0, 1.0, 1.0, 1.0, 1.0, 0.0, 0.0, 1.0, 1.0, 0.0, 0.0, 0.9588793856899543, 1.0, 1.0, 0.0, 0.0, 0.9157648681146964, 0.0, 1.0, 1.0, 1.0, 0.0, 1.0, 0.0, 0.0, 1.0, 0.9032081470027281, 1.0, 0.0, 1.0, 1.0, 0.0, 0.9339674652943357, 1.0, 1.0, 1.0, 0.0, 1.0, 0.9987498028032512, 1.0, 1.0, 1.0, 1.0, 0.8827053540550052, 0.0, 1.0, 1.0, 0.0, 1.0, 1.0, 1.0, 1.0, 0.8925112000890228, 0.0, 1.0, 1.0, 1.0, 0.8125949041103143, 0.9666157845617855, 0.0, 1.0, 0.9737853663957633, 0.9332330886376811, 0.0, 1.0, 0.0, 0.0, 0.0, 0.8242383235643413, 0.0, 0.9342629351100717, 0.0, 1.0, 1.0, 0.958483971698086, 0.0, 0.0, 0.0, 1.0, 1.0, 1.0, 1.0, 0.0, 1.0, 1.0, 1.0, 0.9361450947556919, 1.0, 0.0, 1.0, 1.0, 1.0, 0.9383906502366393, 0.0, 1.0, 0.8940130958726475, 1.0, 0.0, 0.0, 0.0, 0.9736940543877896, 1.0, 0.0, 0.0, 1.0, 1.0, 0.9193266131794116, 0.0, 1.0, 0.0, 0.0, 1.0, 0.0, 0.0, 0.9668246037993589, 0.0, 0.8966995930737497, 1.0, 1.0, 1.0, 0.7500329335957392, 0.0, 0.0, 1.0, 0.9757330087492468, 0.9203626000622913, 1.0, 0.908773540870216, 0.0, 1.0, 0.0, 1.0, 0.9245416332847105, 0.0, 0.8481477941318438, 1.0, 1.0, 0.0, 0.0, 1.0, 0.0, 0.0, 1.0, 1.0, 0.0, 1.0, 0.0, 0.0, 0.0, 1.0, 0.0, 0.8872749840579705, 0.0, 1.0, 0.0, 1.0, 0.0, 1.0, 0.0, 0.0, 1.0, 1.0, 0.0, 0.0, 1.0, 0.0, 1.0, 1.0, 0.0, 0.0, 1.0, 1.0, 1.0, 0.0, 0.0, 0.0, 0.0, 1.0, 0.0, 0.0, 0.8820702199956767, 1.0, 1.0, 1.0, 0.0, 0.9166801340042398, 0.0, 0.9384351858855852, 0.9065032782909558, 1.0, 0.9661902138289991, 1.0, 1.0, 0.0, 0.9723529970656742, 0.0, 0.0, 1.0, 1.0, 0.0, 1.0, 0.0, 1.0], "full-learnt": [1.0, 1.0, 1.0, 1.0, 1.0, 1.0, 1.0, 1.0, 1.0, 1.0, 0.0, 0.9791945564499808, 1.0, 0.869465253461545, 1.0, 1.0, 1.0, 1.0, 1.0, 1.0, 1.0, 1.0, 0.0, 1.0, 1.0, 0.0, 1.0, 1.0, 1.0, 0.976929219564006, 1.0, 1.0, 1.0, 1.0, 1.0, 1.0, 1.0, 1.0, 0.9997781699608151, 0.0, 1.0, 1.0, 1.0, 0.0, 0.0, 1.0, 1.0, 0.0, 1.0, 1.0, 0.0, 1.0, 1.0, 0.9368610076330939, 0.0, 1.0, 0.0, 0.0, 0.0, 1.0, 1.0, 1.0, 0.9744262162506511, 1.0, 1.0, 1.0, 0.0, 1.0, 1.0, 1.0, 1.0, 0.0, 0.0, 1.0, 0.948958502412272, 1.0, 1.0, 1.0, 0.0, 1.0, 0.9932162561108162, 0.0, 1.0, 1.0, 1.0, 0.8441106838059601, 0.0, 1.0, 1.0, 1.0, 0.9959407336413529, 1.0, 1.0, 1.0, 1.0, 0.9604275960923572, 0.0, 1.0, 1.0, 1.0, 1.0, 1.0, 0.0, 1.0, 1.0, 1.0, 0.9875163547122641, 0.0, 1.0, 1.0, 1.0, 0.0, 0.0, 1.0, 0.0, 1.0, 1.0, 1.0, 0.0, 1.0, 0.0, 0.0, 1.0, 0.9032081470027281, 1.0, 0.0, 1.0, 1.0, 1.0, 1.0, 1.0, 1.0, 1.0, 0.6869903047963458, 1.0, 1.0, 1.0, 1.0, 1.0, 1.0, 0.9682555062408555, 1.0, 1.0, 1.0, 0.0, 1.0, 1.0, 1.0, 1.0, 0.9896265867177562, 0.0, 1.0, 1.0, 1.0, 0.8879899312133878, 1.0, 0.0, 1.0, 1.0, 1.0, 0.0, 1.0, 0.0, 0.0, 0.9107355412710717, 1.0, 0.0, 1.0, 0.0, 1.0, 1.0, 1.0, 1.0, 0.0, 0.0, 1.0, 1.0, 1.0, 1.0, 0.0, 1.0, 1.0, 1.0, 1.0, 1.0, 1.0, 1.0, 1.0, 1.0, 0.9383906502366393, 0.0, 1.0, 1.0, 1.0, 0.0, 0.0, 0.0, 0.9736940543877896, 1.0, 0.0, 0.0, 1.0, 1.0, 1.0, 0.0, 1.0, 0.0, 1.0, 1.0, 1.0, 1.0, 1.0, 0.0, 1.0, 1.0, 1.0, 1.0, 1.0, 0.0, 0.0, 1.0, 0.9972593160309092, 0.9203626000622913, 1.0, 0.9903263087674111, 0.0, 1.0, 0.0, 1.0, 0.9440169749790283, 0.0, 0.9446458619782919, 1.0, 1.0, 0.0, 1.0, 1.0, 0.0, 1.0, 1.0, 1.0, 0.0, 1.0, 1.0, 0.0, 0.0, 1.0, 0.0, 0.8872749840579705, 1.0, 1.0, 0.0, 1.0, 0.0, 1.0, 0.0, 0.0, 1.0, 1.0, 0.0, 0.0, 1.0, 0.0, 1.0, 1.0, 0.0, 0.0, 1.0, 1.0, 1.0, 0.0, 0.0, 0.0, 0.0, 1.0, 0.0, 0.0, 0.9969562128840098, 1.0, 1.0, 1.0, 0.0, 1.0, 0.0, 1.0, 1.0, 1.0, 1.0, 1.0, 1.0, 1.0, 0.9723529970656742, 1.0, 0.0, 1.0, 1.0, 0.8532696548183444, 1.0, 1.0, 1.0],